{
  "dataset_metadata": {
    "count": 68, 
    "type": "physical_constants_and_structural_clues",
    "anchors": 11
  },
  "data_points": [
    0.049, 0.007297, 1836.15, 1.61803, 1.0, 0.3819, 0.6180, 137.036, 
    0.000544, 4.0, 0.25, 0.0302, 0.0792, 0.1281, 0.2073, 0.3354, 
    0.5427, 0.8781, 1.4203, 2.2984, 3.7187, 6.0171, 9.7354, 15.7525, 
    25.4879, 41.2404, 66.7283, 107.9687, 174.6970, 282.6657, 457.3627, 
    740.0284, 1197.3911, 1937.4195, 3134.8106, 5072.2301, 8207.0407, 
    13279.2708, 21486.3115, 34765.5823, 56251.8938, 91017.4761, 147269.3699, 
    238286.8460, 385556.2159, 623843.0619, 1009399.2778, 1633242.3397, 
    2642641.6175, 4275883.9572, 6918525.5747, 11194409.5319, 18112935.1066, 
    29307344.6385, 47420279.7451, 76727624.3836, 124147904.1287, 200875528.5123, 
    325023432.6410, 525898961.1533, 850922393.7943, 1376821354.9476, 
    2227743748.7419, 3604565103.6895, 5832308852.4314, 9436873956.1209, 
    15269182808.5523, 24706056764.6732
  ]
}