{
  "benford_chi2": 0.2785782737485697,
  "benford_p_value": 0.9999859661449075,
  "zipf_r_squared": 0.8463077688714162,
  "convergence_049": 1.0,
  "convergence_phi": 0.9999960000160001,
  "z_score": 1.0379901619616136,
  "phi_occurrences": 1,
  "constant_049_occurrences": 1,
  "fibonacci_ratios": [
    251630.80718103333,
    0.0008812079623124472,
    0.6180355123205379,
    0.3819,
    1.6182246661429693,
    221.7411003236246,
    3.969759771155025e-06,
    7352.941176470588,
    0.0625,
    0.1208
  ],
  "first_digits_distribution": {
    "4": 6,
    "7": 4,
    "1": 20,
    "3": 9,
    "6": 5,
    "5": 6,
    "2": 12,
    "8": 3,
    "9": 3
  }
}